[
    {
        "BuffType": "MaxStamina",
        "Chance": 1,
        "Delay": 1,
        "Duration": 160,
        "Value": 50,
        "AbsoluteValue": true,
        "SkillName": ""
    },
    {
        "BuffType": "SkillRate",
        "Chance": 1,
        "Delay": 10,
        "Duration": 160,
        "Value": 25,
        "AbsoluteValue": true,
        "SkillName": "Attention"
      },
      {
        "BuffType": "SkillRate",
        "Chance": 1,
        "Delay": 1,
        "Duration": 180,
        "Value": 25,
        "AbsoluteValue": true,
        "SkillName": "Perception"
      },
      {
        "BuffType": "SkillRate",
        "Chance": 1,
        "Delay": 1,
        "Duration": 180,
        "Value": 35,
        "AbsoluteValue": true,
        "SkillName": "Endurance"
    },
    {
        "BuffType": "SkillRate",
        "Chance": 1,
        "Delay": 1,
        "Duration": 180,
        "Value": 35,
        "AbsoluteValue": true,
        "SkillName": "Strength"
    },
    {
        "BuffType": "SkillRate",
        "Chance": 1,
        "Delay": 1,
        "Duration": 180,
        "Value": 45,
        "AbsoluteValue": true,
        "SkillName": "RecoilControl"
    },
    {
        "BuffType": "SkillRate",
        "Chance": 1,
        "Delay": 1,
        "Duration": 180,
        "Value": 25,
        "AbsoluteValue": true,
        "SkillName": "MagDrills"
    },
    {
        "BuffType": "SkillRate",
        "Chance": 1,
        "Delay": 1,
        "Duration": 180,
        "Value": 25,
        "AbsoluteValue": true,
        "SkillName": "StressResistance"
    },
    {
        "BuffType": "HealthRate",
        "Chance": 1,
        "Delay": 1,
        "Duration": 15,
        "Value": 5,
        "AbsoluteValue": true,
        "SkillName": ""
    },
    {
        "BuffType": "HydrationRate",
        "Chance": 1,
        "Delay": 50,
        "Duration": 30,
        "Value": -1.25,
        "AbsoluteValue": true,
        "SkillName": ""
    },
    {
        "BuffType": "EnergyRate",
        "Chance": 1,
        "Delay": 50,
        "Duration": 30,
        "Value": -1.05,
        "AbsoluteValue": true,
        "SkillName": ""
    },
    {
      "BuffType": "Contusion",
      "Chance": 0.95,
      "Delay": 180,
      "Duration": 20,
      "Value": 1,
      "AbsoluteValue": false,
      "SkillName": ""
    }
]